keyword,count
Accessibility,71
Urban Transportation,45
Mobility,33
Indoor Positioning Systems,30
Public Transport,30
Urban Planning,26
Smart City,20
Sustainable Development,20
Urban Transport,20
GIS,18
Land Use,18
Urban Mobility,18
Sustainability,17
Sustainable Mobility,17
Economics,15
Navigation,15
Navigation Systems,15
Decision Making,14
Geographic Information Systems,14
Internet Of Things,13
Public Transportation,13
Travel Time,13
Human,12
Indoor Environment,12
Transportation System,12
Urban Area,12
Computer Vision,11
Global Positioning System,11
Indoor Navigation,11
People With Disabilities,11
Deep Learning,10
Humans,10
Machine Learning,10
Population Statistics,10
Spatial Analysis,10
Vehicles,10
Visually Impaired,10
COVID-19,9
Transportation,9
Urban Areas,9
Urban Growth,9
Air Mobility,8
Case-studies,8
Pedestrian,8
Roads And Streets,8
Students,8
Surveys,8
Urban Environments,8
Wheelchairs,8
'current,7
Antennas,7
Built Environment,7
China,7
Image Processing,7
Localisation,7
Quality Of Life,7
Stochastic Systems,7
Travel Behavior,7
Article,6
Artificial Intelligence,6
Bicycles,6
Data Handling,6
Developing Countries,6
Economic And Social Effects,6
Indoor Localization,6
Intelligent Systems,6
Learning Systems,6
Localization,6
Mobility Systems,6
Neighbourhood,6
Planning,6
Public Transit,6
Railroad Transportation,6
Smart Cities,6
Smart Mobility,6
Smartphones,6
Transportation Planning,6
Travel Demand,6
United States,6
Urban Accessibility,6
Urban Development,6
Visual Impairment,6
Walkability,6
Air Navigation,5
Aircraft Landing,5
Autonomous Vehicles,5
Behavioral Research,5
Bus Transportation,5
Cameras,5
Costs,5
Digital Storage,5
Disability,5
Disabled Person,5
Disabled Persons,5
Electric Vehicle,5
GPS,5
Investments,5
IoT,5
Mass Transportation,5
Motor Transportation,5
On Demands,5
Open Data,5
Pedestrian Navigation,5
Public Transportation Systems,5
Real- Time,5
Resilience,5
Sales,5
Smart Phones,5
Spain,5
Transportation Routes,5
Travel Behaviour,5
Unmanned Aerial Vehicles (UAV),5
Urban Accessibilities,5
User Interfaces,5
Visually Impaired People,5
Walking,5
Way Finding,5
Adult,4
Air Transportation,4
Assistive Technology,4
Augmented Reality,4
Automation,4
Buses,4
Charging Station,4
Classification (of Information),4
Climate Change,4
Convolutional Neural Network,4
Data Analytics,4
Data Visualization,4
Decision Support Systems,4
E-learning,4
Electric Vehicles,4
Environmental Impact,4
Equity,4
Fleet Operations,4
Freight Transportation,4
Graph Theory,4
Healthcare Facility,4
Hierarchical Systems,4
Indoor Navigation System,4
Indoor Positioning,4
Information Use,4
Large Dataset,4
Location Based Services,4
Mobile Applications,4
Mobility Impairment,4
Multicriteria Analysis,4
Neural Networks,4
Outdoor Environment,4
Pedestrian Routes,4
Pedestrian Safety,4
Performance,4
Persons With Disabilities,4
Public Services,4
Regional Planning,4
Regression Analysis,4
Ride-sharing,4
Road Network,4
Routings,4
Rural Area,4